# report from SMARTE/Results
manip, expno, type, file, content
SMARTE3_161123,1,1D,1_peaklist.csv, 203 in Peak list

SMARTE3_161123,1,1D,1_bucketlist.csv, 451 buckets with a mean size of 27.26 data points

SMARTE3_161123,2,1D,2_peaklist.csv, 204 in Peak list

SMARTE3_161123,2,1D,2_bucketlist.csv, 451 buckets with a mean size of 27.26 data points

SMARTE3_161123,30,dstebpgp3s,dstebpgp3s_30_peaklist.csv, 258 in Peak list

SMARTE3_161123,10,cosydfph,cosydfph_10_bucketlist.csv, 32761 rectangular buckets with a mean size of 4.26 x 17.04 data points

SMARTE3_161123,20,dipsi2phpr,dipsi2phpr_20_peaklist.csv, 278 in Peak list

SMARTE3_161123,40,hsqcetgp,hsqcetgp_40_peaklist.csv, 96 in Peak list

SMARTE3_161123,50,hmbcgplpndqf,hmbcgplpndqf_50_bucketlist.csv, 29141 rectangular buckets with a mean size of 10.67 x 18.64 data points

SMARTE3_161123,10,cosydfph,cosydfph_10_peaklist.csv, 277 in Peak list

SMARTE3_161123,30,dstebpgp3s,dstebpgp3s_30_bucketlist.csv, 724 rectangular buckets with a mean size of 21.33 x 8.52 data points

SMARTE3_161123,20,dipsi2phpr,dipsi2phpr_20_bucketlist.csv, 32761 rectangular buckets with a mean size of 3.33 x 17.04 data points

SMARTE3_161123,50,hmbcgplpndqf,hmbcgplpndqf_50_peaklist.csv, 165 in Peak list

SMARTE3_161123,40,hsqcetgp,hsqcetgp_40_bucketlist.csv, 29141 rectangular buckets with a mean size of 6.83 x 9.32 data points

SMARTE5_161123,1,1D,1_peaklist.csv, 159 in Peak list

SMARTE5_161123,1,1D,1_bucketlist.csv, 451 buckets with a mean size of 27.26 data points

SMARTE5_161123,2,1D,2_peaklist.csv, 154 in Peak list

SMARTE5_161123,2,1D,2_bucketlist.csv, 451 buckets with a mean size of 27.26 data points

SMARTE5_161123,30,dstebpgp3s,dstebpgp3s_30_peaklist.csv, 132 in Peak list

SMARTE5_161123,10,cosydfph,cosydfph_10_bucketlist.csv, 32761 rectangular buckets with a mean size of 4.26 x 17.04 data points

SMARTE5_161123,20,dipsi2phpr,dipsi2phpr_20_peaklist.csv, 95 in Peak list

SMARTE5_161123,40,hsqcetgp,hsqcetgp_40_peaklist.csv, 46 in Peak list

SMARTE5_161123,50,hmbcgplpndqf,hmbcgplpndqf_50_bucketlist.csv, 29141 rectangular buckets with a mean size of 10.67 x 18.64 data points

SMARTE5_161123,10,cosydfph,cosydfph_10_peaklist.csv, 69 in Peak list

SMARTE5_161123,30,dstebpgp3s,dstebpgp3s_30_bucketlist.csv, 724 rectangular buckets with a mean size of 21.33 x 8.52 data points

SMARTE5_161123,20,dipsi2phpr,dipsi2phpr_20_bucketlist.csv, 32761 rectangular buckets with a mean size of 3.33 x 17.04 data points

SMARTE5_161123,50,hmbcgplpndqf,hmbcgplpndqf_50_peaklist.csv, 137 in Peak list

SMARTE5_161123,40,hsqcetgp,hsqcetgp_40_bucketlist.csv, 29141 rectangular buckets with a mean size of 6.83 x 9.32 data points

SMARTE2_161123,1,1D,1_peaklist.csv, 371 in Peak list

SMARTE2_161123,1,1D,1_bucketlist.csv, 451 buckets with a mean size of 27.26 data points

SMARTE2_161123,2,1D,2_peaklist.csv, 349 in Peak list

SMARTE2_161123,2,1D,2_bucketlist.csv, 451 buckets with a mean size of 27.26 data points

SMARTE2_161123,30,dstebpgp3s,dstebpgp3s_30_peaklist.csv, 202 in Peak list

SMARTE2_161123,10,cosydfph,cosydfph_10_bucketlist.csv, 32761 rectangular buckets with a mean size of 4.26 x 17.04 data points

SMARTE2_161123,20,dipsi2phpr,dipsi2phpr_20_peaklist.csv, 270 in Peak list

SMARTE2_161123,40,hsqcetgp,hsqcetgp_40_peaklist.csv, 163 in Peak list

SMARTE2_161123,50,hmbcgplpndqf,hmbcgplpndqf_50_bucketlist.csv, 29141 rectangular buckets with a mean size of 10.67 x 18.64 data points

SMARTE2_161123,10,cosydfph,cosydfph_10_peaklist.csv, 335 in Peak list

SMARTE2_161123,30,dstebpgp3s,dstebpgp3s_30_bucketlist.csv, 724 rectangular buckets with a mean size of 21.33 x 8.52 data points

SMARTE2_161123,20,dipsi2phpr,dipsi2phpr_20_bucketlist.csv, 32761 rectangular buckets with a mean size of 3.33 x 17.04 data points

SMARTE2_161123,50,hmbcgplpndqf,hmbcgplpndqf_50_peaklist.csv, 368 in Peak list

SMARTE2_161123,40,hsqcetgp,hsqcetgp_40_bucketlist.csv, 29141 rectangular buckets with a mean size of 6.83 x 9.32 data points

ARTEref_161123,1,1D,1_peaklist.csv, 546 in Peak list

ARTEref_161123,1,1D,1_bucketlist.csv, 451 buckets with a mean size of 27.26 data points

ARTEref_161123,2,1D,2_peaklist.csv, 535 in Peak list

ARTEref_161123,2,1D,2_bucketlist.csv, 451 buckets with a mean size of 27.26 data points

ARTEref_161123,30,dstebpgp3s,dstebpgp3s_30_peaklist.csv, 451 in Peak list

ARTEref_161123,10,cosydfph,cosydfph_10_bucketlist.csv, 32761 rectangular buckets with a mean size of 4.26 x 17.04 data points

ARTEref_161123,20,dipsi2phpr,dipsi2phpr_20_peaklist.csv, 273 in Peak list

ARTEref_161123,40,hsqcetgp,hsqcetgp_40_peaklist.csv, 198 in Peak list

ARTEref_161123,50,hmbcgplpndqf,hmbcgplpndqf_50_bucketlist.csv, 29141 rectangular buckets with a mean size of 10.67 x 18.64 data points

ARTEref_161123,10,cosydfph,cosydfph_10_peaklist.csv, 228 in Peak list

ARTEref_161123,30,dstebpgp3s,dstebpgp3s_30_bucketlist.csv, 724 rectangular buckets with a mean size of 21.33 x 8.52 data points

ARTEref_161123,20,dipsi2phpr,dipsi2phpr_20_bucketlist.csv, 32761 rectangular buckets with a mean size of 3.33 x 17.04 data points

ARTEref_161123,50,hmbcgplpndqf,hmbcgplpndqf_50_peaklist.csv, 522 in Peak list

ARTEref_161123,40,hsqcetgp,hsqcetgp_40_bucketlist.csv, 29141 rectangular buckets with a mean size of 6.83 x 9.32 data points

SMARTE1_161123,1,1D,1_peaklist.csv, 193 in Peak list

SMARTE1_161123,1,1D,1_bucketlist.csv, 451 buckets with a mean size of 27.26 data points

SMARTE1_161123,2,1D,2_peaklist.csv, 496 in Peak list

SMARTE1_161123,2,1D,2_bucketlist.csv, 451 buckets with a mean size of 27.26 data points

SMARTE1_161123,30,dstebpgp3s,dstebpgp3s_30_peaklist.csv, 99 in Peak list

SMARTE1_161123,10,cosydfph,cosydfph_10_bucketlist.csv, 32761 rectangular buckets with a mean size of 4.26 x 17.04 data points

SMARTE1_161123,20,dipsi2phpr,dipsi2phpr_20_peaklist.csv, 129 in Peak list

SMARTE1_161123,40,hsqcetgp,hsqcetgp_40_peaklist.csv, 59 in Peak list

SMARTE1_161123,50,hmbcgplpndqf,hmbcgplpndqf_50_bucketlist.csv, 29141 rectangular buckets with a mean size of 10.67 x 18.64 data points

SMARTE1_161123,10,cosydfph,cosydfph_10_peaklist.csv, 154 in Peak list

SMARTE1_161123,30,dstebpgp3s,dstebpgp3s_30_bucketlist.csv, 724 rectangular buckets with a mean size of 21.33 x 8.52 data points

SMARTE1_161123,20,dipsi2phpr,dipsi2phpr_20_bucketlist.csv, 32761 rectangular buckets with a mean size of 3.33 x 17.04 data points

SMARTE1_161123,50,hmbcgplpndqf,hmbcgplpndqf_50_peaklist.csv, 105 in Peak list

SMARTE1_161123,40,hsqcetgp,hsqcetgp_40_bucketlist.csv, 29141 rectangular buckets with a mean size of 6.83 x 9.32 data points

SMARTE4_161123,1,1D,1_peaklist.csv, 237 in Peak list

SMARTE4_161123,1,1D,1_bucketlist.csv, 451 buckets with a mean size of 27.26 data points

SMARTE4_161123,2,1D,2_peaklist.csv, 243 in Peak list

SMARTE4_161123,2,1D,2_bucketlist.csv, 451 buckets with a mean size of 27.26 data points

SMARTE4_161123,30,dstebpgp3s,dstebpgp3s_30_peaklist.csv, 156 in Peak list

SMARTE4_161123,10,cosydfph,cosydfph_10_bucketlist.csv, 32761 rectangular buckets with a mean size of 4.26 x 17.04 data points

SMARTE4_161123,20,dipsi2phpr,dipsi2phpr_20_peaklist.csv, 81 in Peak list

SMARTE4_161123,40,hsqcetgp,hsqcetgp_40_peaklist.csv, 38 in Peak list

SMARTE4_161123,50,hmbcgplpndqf,hmbcgplpndqf_50_bucketlist.csv, 29141 rectangular buckets with a mean size of 10.67 x 18.64 data points

SMARTE4_161123,10,cosydfph,cosydfph_10_peaklist.csv, 75 in Peak list

SMARTE4_161123,30,dstebpgp3s,dstebpgp3s_30_bucketlist.csv, 724 rectangular buckets with a mean size of 21.33 x 8.52 data points

SMARTE4_161123,20,dipsi2phpr,dipsi2phpr_20_bucketlist.csv, 32761 rectangular buckets with a mean size of 3.33 x 17.04 data points

SMARTE4_161123,50,hmbcgplpndqf,hmbcgplpndqf_50_peaklist.csv, 98 in Peak list

SMARTE4_161123,40,hsqcetgp,hsqcetgp_40_bucketlist.csv, 29141 rectangular buckets with a mean size of 6.83 x 9.32 data points

SMARTE6_161123,1,1D,1_peaklist.csv, 254 in Peak list

SMARTE6_161123,1,1D,1_bucketlist.csv, 451 buckets with a mean size of 27.26 data points

SMARTE6_161123,2,1D,2_peaklist.csv, 252 in Peak list

SMARTE6_161123,2,1D,2_bucketlist.csv, 451 buckets with a mean size of 27.26 data points

SMARTE6_161123,30,dstebpgp3s,dstebpgp3s_30_peaklist.csv, 251 in Peak list

SMARTE6_161123,10,cosydfph,cosydfph_10_bucketlist.csv, 32761 rectangular buckets with a mean size of 4.26 x 17.04 data points

SMARTE6_161123,20,dipsi2phpr,dipsi2phpr_20_peaklist.csv, 348 in Peak list

SMARTE6_161123,40,hsqcetgp,hsqcetgp_40_peaklist.csv, 124 in Peak list

SMARTE6_161123,50,hmbcgplpndqf,hmbcgplpndqf_50_bucketlist.csv, 29141 rectangular buckets with a mean size of 10.67 x 18.64 data points

SMARTE6_161123,10,cosydfph,cosydfph_10_peaklist.csv, 317 in Peak list

SMARTE6_161123,30,dstebpgp3s,dstebpgp3s_30_bucketlist.csv, 724 rectangular buckets with a mean size of 21.33 x 8.52 data points

SMARTE6_161123,20,dipsi2phpr,dipsi2phpr_20_bucketlist.csv, 32761 rectangular buckets with a mean size of 3.33 x 17.04 data points

SMARTE6_161123,50,hmbcgplpndqf,hmbcgplpndqf_50_peaklist.csv, 309 in Peak list

SMARTE6_161123,40,hsqcetgp,hsqcetgp_40_bucketlist.csv, 29141 rectangular buckets with a mean size of 6.83 x 9.32 data points

